amfi_code,tracking_error
119094,0.23965780714308585
148567,0.1878671687605318
120504,0.187311724388253
100033,0.2248381948021591
120505,0.23251471203241875
